customer_id,campaign_id,response,conversion
1110,C009,Clicked,1
474,C013,Ignored,0
1642,C004,Unsubscribed,0
844,C008,Ignored,0
1832,C003,Ignored,0
531,C002,Ignored,0
1071,C019,Unsubscribed,0
1089,C008,Ignored,0
963,C017,Ignored,0
475,C013,Clicked,1
1170,C007,Ignored,0
946,C009,Ignored,0
1822,C012,Unsubscribed,0
1406,C014,Ignored,0
1090,C014,Ignored,0
517,C015,Ignored,0
1117,C003,Unsubscribed,0
1889,C015,Clicked,1
426,C019,Ignored,0
1492,C020,Ignored,0
1118,C014,Unsubscribed,0
1642,C008,Ignored,0
133,C005,Ignored,0
1458,C019,Ignored,0
1365,C004,Ignored,0
314,C014,Unsubscribed,0
591,C016,Ignored,0
1236,C020,Clicked,1
1544,C006,Clicked,1
1009,C006,Clicked,1
159,C003,Unsubscribed,0
1292,C015,Ignored,1
661,C003,Clicked,1
1886,C011,Ignored,1
1982,C003,Ignored,0
1627,C010,Ignored,0
748,C018,Ignored,0
1498,C001,Unsubscribed,0
801,C016,Ignored,0
410,C016,Ignored,0
1498,C010,Ignored,1
1380,C001,Ignored,0
680,C004,Ignored,0
1217,C003,Ignored,1
1723,C005,Ignored,1
1295,C012,Ignored,0
114,C012,Clicked,1
897,C013,Ignored,0
1547,C012,Unsubscribed,0
1079,C016,Ignored,0
1794,C013,Ignored,0
65,C005,Ignored,0
684,C004,Ignored,0
1296,C015,Clicked,1
1526,C012,Ignored,0
1686,C019,Ignored,1
1386,C019,Unsubscribed,0
146,C011,Ignored,0
943,C006,Clicked,1
1233,C009,Clicked,1
1310,C001,Ignored,0
1034,C012,Ignored,0
739,C014,Unsubscribed,0
186,C006,Ignored,0
1598,C001,Clicked,1
1621,C002,Ignored,0
1488,C011,Unsubscribed,0
1158,C003,Ignored,0
835,C010,Unsubscribed,0
809,C006,Unsubscribed,0
171,C006,Ignored,0
213,C020,Ignored,0
1997,C002,Ignored,0
1554,C010,Unsubscribed,0
1850,C006,Unsubscribed,0
1526,C017,Ignored,0
1596,C014,Clicked,1
1624,C005,Ignored,0
27,C017,Unsubscribed,0
1014,C002,Clicked,1
1092,C009,Ignored,0
790,C012,Ignored,0
408,C019,Unsubscribed,0
1576,C007,Ignored,0
1133,C009,Ignored,0
74,C016,Unsubscribed,0
578,C020,Ignored,0
680,C011,Ignored,0
1286,C012,Clicked,1
1392,C015,Ignored,0
786,C018,Ignored,0
849,C019,Clicked,1
870,C016,Ignored,0
237,C015,Unsubscribed,0
727,C005,Clicked,1
1390,C011,Ignored,0
1310,C015,Ignored,0
378,C018,Clicked,1
661,C013,Ignored,0
830,C004,Ignored,0
906,C017,Ignored,1
376,C004,Ignored,0
619,C016,Clicked,1
653,C015,Ignored,0
1100,C014,Ignored,0
1033,C012,Ignored,0
196,C003,Unsubscribed,0
807,C010,Ignored,0
1816,C008,Unsubscribed,0
893,C006,Ignored,0
1654,C014,Unsubscribed,0
1314,C017,Ignored,0
1085,C019,Unsubscribed,0
937,C016,Ignored,0
1413,C015,Ignored,0
847,C015,Ignored,0
818,C001,Clicked,1
1924,C012,Ignored,0
1587,C010,Ignored,0
564,C014,Ignored,0
634,C010,Clicked,1
679,C010,Unsubscribed,0
1018,C020,Ignored,0
8,C011,Clicked,1
1393,C016,Clicked,1
1069,C009,Ignored,0
344,C015,Clicked,1
1781,C014,Clicked,1
796,C019,Ignored,0
1399,C009,Ignored,0
1643,C004,Ignored,0
1051,C007,Ignored,0
1217,C008,Ignored,0
1954,C008,Unsubscribed,0
1381,C015,Ignored,0
62,C016,Ignored,0
1086,C009,Ignored,0
422,C012,Unsubscribed,0
1818,C016,Ignored,0
633,C004,Ignored,0
792,C005,Ignored,0
551,C008,Ignored,0
1404,C001,Clicked,1
1301,C006,Ignored,1
606,C015,Unsubscribed,0
1455,C004,Ignored,0
1139,C011,Ignored,0
1712,C005,Ignored,0
1145,C018,Ignored,0
525,C015,Ignored,0
899,C018,Ignored,0
1440,C020,Ignored,0
163,C013,Unsubscribed,0
787,C005,Ignored,0
910,C001,Unsubscribed,0
1712,C018,Ignored,0
982,C014,Ignored,0
1361,C005,Ignored,0
379,C006,Ignored,0
1348,C016,Clicked,1
173,C012,Unsubscribed,0
1000,C020,Unsubscribed,0
1811,C018,Ignored,0
64,C002,Ignored,0
1125,C013,Ignored,0
1346,C017,Ignored,0
975,C017,Ignored,0
66,C016,Ignored,0
1867,C018,Ignored,0
1581,C008,Ignored,0
1623,C003,Ignored,0
458,C017,Ignored,0
1603,C018,Ignored,0
453,C006,Ignored,0
1283,C008,Ignored,0
1958,C013,Ignored,0
1741,C008,Ignored,0
1450,C019,Ignored,0
979,C006,Ignored,0
1960,C015,Unsubscribed,0
178,C010,Clicked,1
1955,C017,Ignored,1
280,C001,Clicked,1
344,C007,Clicked,1
1041,C013,Ignored,0
296,C003,Ignored,0
202,C019,Ignored,0
962,C015,Ignored,0
684,C005,Clicked,1
1943,C011,Ignored,0
1798,C018,Ignored,0
1218,C003,Ignored,0
1173,C006,Unsubscribed,0
375,C003,Ignored,0
1912,C005,Ignored,0
35,C009,Ignored,0
1393,C019,Ignored,0
29,C013,Ignored,0
775,C006,Ignored,0
221,C011,Ignored,0
53,C014,Ignored,0
1957,C006,Unsubscribed,0
791,C006,Clicked,1
1377,C017,Unsubscribed,0
1416,C011,Ignored,0
76,C015,Ignored,0
494,C009,Ignored,0
1712,C017,Unsubscribed,0
1546,C007,Unsubscribed,0
1999,C007,Ignored,0
117,C001,Unsubscribed,0
280,C008,Unsubscribed,0
1754,C005,Ignored,0
1199,C019,Ignored,0
746,C008,Ignored,0
949,C017,Ignored,0
764,C019,Clicked,1
295,C012,Clicked,1
1018,C015,Ignored,0
1475,C004,Clicked,1
1858,C012,Ignored,0
1542,C013,Clicked,1
1045,C014,Ignored,0
1097,C005,Ignored,0
842,C016,Unsubscribed,0
1060,C007,Ignored,0
1531,C015,Ignored,0
1923,C013,Clicked,1
1257,C016,Unsubscribed,0
1752,C012,Ignored,0
497,C007,Ignored,0
206,C016,Clicked,1
426,C013,Ignored,0
1965,C003,Ignored,0
44,C015,Ignored,0
1115,C003,Unsubscribed,0
1953,C007,Ignored,0
1852,C018,Ignored,0
1494,C014,Ignored,0
605,C018,Unsubscribed,0
1491,C019,Clicked,1
1875,C014,Unsubscribed,0
454,C020,Ignored,0
595,C006,Ignored,0
1357,C008,Ignored,0
507,C007,Unsubscribed,0
794,C020,Unsubscribed,0
1494,C018,Ignored,0
21,C018,Ignored,0
1252,C015,Ignored,0
1400,C020,Unsubscribed,0
1154,C019,Unsubscribed,0
1711,C002,Ignored,0
620,C008,Ignored,1
414,C011,Ignored,0
1819,C018,Unsubscribed,0
1095,C013,Ignored,0
1428,C009,Clicked,1
1586,C009,Unsubscribed,0
1631,C017,Ignored,0
1815,C007,Ignored,0
1421,C009,Ignored,0
337,C001,Ignored,0
1668,C002,Ignored,0
1529,C004,Ignored,0
910,C014,Clicked,1
276,C004,Unsubscribed,0
892,C002,Ignored,0
13,C008,Unsubscribed,0
1027,C018,Ignored,0
978,C019,Ignored,0
1248,C014,Clicked,1
974,C020,Ignored,0
175,C010,Unsubscribed,0
1923,C017,Ignored,0
1409,C008,Ignored,0
1626,C014,Unsubscribed,0
1944,C008,Unsubscribed,0
241,C005,Ignored,0
547,C016,Unsubscribed,0
14,C008,Ignored,0
1219,C010,Clicked,1
1421,C008,Ignored,0
1455,C009,Ignored,0
1330,C018,Ignored,0
1358,C003,Ignored,0
725,C017,Ignored,0
1434,C020,Ignored,0
3,C015,Ignored,0
691,C017,Ignored,1
1576,C008,Unsubscribed,0
1476,C002,Ignored,0
1700,C017,Ignored,0
1843,C018,Ignored,0
747,C005,Ignored,0
769,C009,Unsubscribed,0
872,C009,Ignored,0
495,C002,Clicked,1
417,C002,Ignored,0
1415,C019,Ignored,0
1397,C003,Ignored,0
628,C017,Unsubscribed,0
1076,C014,Clicked,1
1400,C014,Unsubscribed,0
1419,C014,Ignored,0
1947,C006,Ignored,0
1021,C003,Ignored,0
142,C001,Ignored,0
1110,C016,Clicked,1
1488,C004,Ignored,0
46,C001,Ignored,0
844,C017,Ignored,0
1009,C018,Unsubscribed,0
1262,C008,Unsubscribed,0
10,C002,Unsubscribed,0
664,C018,Ignored,1
573,C016,Ignored,0
1622,C008,Unsubscribed,0
649,C012,Ignored,0
913,C016,Clicked,1
1766,C012,Ignored,0
640,C011,Ignored,0
616,C020,Ignored,0
698,C019,Ignored,0
909,C001,Unsubscribed,0
178,C003,Ignored,0
869,C012,Ignored,0
1030,C009,Clicked,1
853,C005,Unsubscribed,0
307,C001,Ignored,0
548,C010,Ignored,0
327,C017,Clicked,1
1380,C004,Ignored,0
1817,C015,Unsubscribed,0
395,C019,Ignored,0
300,C008,Ignored,0
1550,C015,Unsubscribed,0
749,C007,Ignored,0
285,C015,Ignored,0
330,C008,Ignored,0
50,C010,Ignored,0
773,C018,Ignored,0
1992,C004,Ignored,0
1646,C015,Ignored,0
1733,C011,Ignored,0
378,C003,Ignored,0
1788,C015,Unsubscribed,0
1624,C003,Ignored,0
1000,C015,Unsubscribed,0
1849,C006,Ignored,1
1562,C001,Clicked,1
774,C014,Ignored,0
1168,C016,Ignored,0
1084,C001,Ignored,0
868,C017,Ignored,0
1804,C008,Ignored,0
1099,C018,Ignored,0
3,C016,Ignored,0
1599,C006,Ignored,1
748,C010,Unsubscribed,0
1472,C010,Ignored,0
1982,C005,Ignored,0
1765,C012,Ignored,0
1926,C020,Ignored,0
275,C017,Ignored,0
1554,C014,Ignored,0
1616,C014,Unsubscribed,0
215,C003,Ignored,0
1707,C012,Unsubscribed,0
1509,C020,Unsubscribed,0
329,C018,Clicked,1
255,C012,Ignored,0
1411,C002,Ignored,0
126,C002,Ignored,0
767,C017,Unsubscribed,0
1608,C010,Ignored,0
1574,C018,Ignored,1
1348,C019,Ignored,0
1228,C001,Ignored,0
1196,C004,Ignored,0
1759,C004,Unsubscribed,0
217,C002,Ignored,0
1269,C019,Unsubscribed,0
1360,C012,Unsubscribed,0
1727,C010,Ignored,0
1322,C013,Clicked,1
832,C020,Unsubscribed,0
182,C015,Ignored,0
334,C003,Ignored,0
511,C020,Ignored,0
383,C013,Ignored,0
1897,C007,Ignored,0
1223,C008,Unsubscribed,0
332,C018,Ignored,0
1189,C009,Ignored,0
1266,C006,Ignored,0
900,C004,Unsubscribed,0
642,C015,Ignored,0
1251,C005,Ignored,0
634,C005,Ignored,0
1580,C007,Ignored,1
451,C009,Ignored,1
196,C007,Ignored,0
1894,C009,Unsubscribed,0
1228,C020,Unsubscribed,0
458,C010,Ignored,0
257,C006,Ignored,0
1553,C014,Ignored,0
1296,C009,Ignored,0
9,C001,Ignored,0
761,C017,Unsubscribed,0
949,C013,Ignored,0
1225,C007,Ignored,0
1083,C009,Ignored,0
887,C011,Unsubscribed,0
393,C003,Ignored,0
1676,C012,Ignored,0
1143,C003,Ignored,0
1577,C015,Ignored,0
399,C010,Unsubscribed,0
1858,C001,Unsubscribed,0
331,C014,Ignored,0
1291,C020,Ignored,0
1719,C002,Ignored,0
480,C008,Clicked,1
134,C001,Ignored,0
1717,C004,Ignored,0
916,C004,Ignored,0
935,C005,Ignored,0
355,C020,Ignored,0
584,C009,Unsubscribed,0
1522,C013,Clicked,1
625,C018,Ignored,0
1131,C017,Unsubscribed,0
290,C001,Unsubscribed,0
825,C015,Ignored,0
629,C002,Ignored,0
1019,C016,Ignored,0
632,C020,Unsubscribed,0
1171,C005,Ignored,0
327,C019,Unsubscribed,0
1439,C005,Ignored,0
210,C002,Unsubscribed,0
1320,C007,Ignored,0
1422,C003,Clicked,1
1127,C017,Ignored,0
636,C003,Ignored,0
1781,C013,Clicked,1
1532,C007,Ignored,0
1915,C003,Unsubscribed,0
868,C015,Ignored,0
1233,C018,Ignored,0
1957,C010,Clicked,1
428,C007,Unsubscribed,0
393,C009,Unsubscribed,0
826,C005,Ignored,0
916,C020,Ignored,0
1133,C008,Unsubscribed,0
1913,C014,Ignored,0
348,C004,Ignored,0
50,C020,Ignored,0
916,C014,Clicked,1
1129,C012,Ignored,0
1444,C002,Unsubscribed,0
1397,C013,Ignored,0
1051,C001,Ignored,0
968,C020,Ignored,0
800,C007,Clicked,1
1793,C009,Clicked,1
1297,C017,Ignored,0
1017,C013,Ignored,0
649,C010,Unsubscribed,0
1364,C016,Ignored,0
301,C006,Unsubscribed,0
1504,C016,Ignored,0
1858,C011,Ignored,0
1568,C020,Ignored,1
1581,C003,Unsubscribed,0
1289,C009,Clicked,1
1566,C015,Unsubscribed,0
1620,C013,Ignored,0
166,C010,Ignored,0
316,C020,Ignored,0
1,C013,Ignored,0
1020,C017,Ignored,0
1785,C007,Ignored,0
1285,C006,Ignored,0
63,C013,Unsubscribed,0
483,C017,Ignored,0
1700,C015,Ignored,0
1345,C004,Ignored,0
1870,C015,Ignored,0
1225,C014,Ignored,0
222,C011,Ignored,0
152,C004,Ignored,0
644,C003,Ignored,0
626,C002,Ignored,0
1486,C020,Ignored,0
217,C010,Ignored,0
196,C013,Ignored,0
1817,C020,Ignored,0
1226,C018,Unsubscribed,0
995,C016,Ignored,0
1015,C011,Ignored,0
647,C010,Ignored,0
1258,C009,Clicked,1
1165,C012,Ignored,0
708,C019,Ignored,0
1522,C001,Unsubscribed,0
1579,C018,Ignored,0
1081,C014,Unsubscribed,0
1956,C001,Ignored,0
1528,C017,Clicked,1
1166,C011,Ignored,0
722,C020,Ignored,0
1608,C015,Clicked,1
1760,C004,Clicked,1
1563,C015,Ignored,0
640,C014,Ignored,0
106,C001,Ignored,0
165,C009,Ignored,0
215,C007,Ignored,0
1095,C011,Ignored,0
1740,C002,Clicked,1
1689,C002,Ignored,0
1603,C006,Ignored,0
90,C019,Ignored,0
1796,C020,Unsubscribed,0
874,C014,Ignored,0
1252,C003,Ignored,0
1103,C007,Unsubscribed,0
608,C007,Ignored,0
349,C004,Ignored,0
1866,C005,Ignored,0
894,C017,Ignored,0
246,C004,Ignored,0
272,C013,Unsubscribed,0
403,C016,Ignored,0
1693,C016,Unsubscribed,0
1140,C002,Unsubscribed,0
1459,C018,Ignored,0
1554,C001,Ignored,0
1466,C018,Clicked,1
1196,C008,Ignored,0
1040,C011,Ignored,0
961,C015,Ignored,0
1776,C016,Unsubscribed,0
898,C017,Ignored,0
1080,C017,Unsubscribed,0
1615,C012,Ignored,0
1127,C010,Ignored,0
284,C020,Clicked,1
1729,C006,Ignored,0
517,C008,Ignored,0
618,C013,Ignored,0
1302,C002,Ignored,0
1909,C019,Ignored,0
612,C010,Ignored,0
750,C004,Unsubscribed,0
1293,C012,Ignored,0
1857,C018,Ignored,0
400,C007,Ignored,0
1527,C020,Ignored,0
86,C004,Unsubscribed,0
320,C007,Ignored,0
1056,C010,Ignored,0
336,C015,Ignored,0
51,C012,Clicked,1
1103,C001,Ignored,0
1722,C020,Ignored,0
174,C018,Clicked,1
1972,C016,Unsubscribed,0
1642,C005,Unsubscribed,0
501,C019,Ignored,0
1599,C004,Unsubscribed,0
76,C006,Ignored,0
316,C017,Ignored,0
1857,C007,Clicked,1
1397,C007,Ignored,0
1105,C009,Ignored,0
1897,C013,Ignored,0
1664,C020,Ignored,0
1719,C014,Ignored,0
1779,C016,Ignored,0
697,C009,Unsubscribed,0
1010,C015,Ignored,0
732,C005,Ignored,0
1095,C018,Ignored,0
969,C020,Clicked,1
854,C008,Ignored,0
666,C015,Ignored,0
1781,C009,Ignored,0
652,C019,Ignored,0
1095,C006,Ignored,0
46,C004,Unsubscribed,0
1071,C011,Unsubscribed,0
1615,C010,Ignored,0
1446,C003,Unsubscribed,0
149,C001,Unsubscribed,0
910,C012,Unsubscribed,0
1154,C015,Ignored,0
456,C015,Unsubscribed,0
1663,C014,Clicked,1
877,C007,Clicked,1
1655,C017,Unsubscribed,0
966,C019,Ignored,0
869,C007,Ignored,0
1529,C003,Clicked,1
929,C003,Ignored,0
1024,C018,Unsubscribed,0
1001,C020,Ignored,0
244,C003,Unsubscribed,0
474,C007,Ignored,0
382,C007,Ignored,0
1127,C005,Ignored,0
489,C003,Ignored,0
1061,C018,Ignored,0
1678,C015,Ignored,0
1573,C020,Clicked,1
1544,C014,Ignored,0
1767,C004,Unsubscribed,0
397,C013,Ignored,0
296,C008,Unsubscribed,0
107,C015,Ignored,0
860,C017,Ignored,0
954,C005,Unsubscribed,0
530,C020,Unsubscribed,0
1849,C004,Unsubscribed,0
1107,C011,Clicked,1
934,C018,Ignored,0
288,C010,Ignored,0
706,C017,Unsubscribed,0
1485,C015,Ignored,0
215,C006,Ignored,0
1305,C016,Ignored,0
732,C015,Unsubscribed,0
1978,C008,Ignored,0
1483,C009,Ignored,0
1825,C011,Ignored,0
344,C002,Ignored,0
194,C013,Ignored,0
158,C004,Unsubscribed,0
465,C009,Ignored,0
104,C005,Clicked,1
34,C019,Ignored,0
1126,C003,Ignored,0
639,C003,Ignored,0
1750,C006,Ignored,0
325,C010,Unsubscribed,0
1968,C005,Unsubscribed,0
691,C007,Clicked,1
592,C018,Ignored,0
141,C008,Clicked,1
474,C001,Ignored,0
1055,C004,Unsubscribed,0
884,C007,Ignored,0
1959,C014,Unsubscribed,0
1584,C010,Ignored,1
1111,C018,Ignored,0
304,C001,Ignored,0
1085,C004,Unsubscribed,0
396,C016,Unsubscribed,0
334,C016,Ignored,0
1976,C018,Unsubscribed,0
786,C008,Unsubscribed,0
411,C010,Ignored,1
284,C016,Unsubscribed,0
466,C011,Clicked,1
80,C006,Unsubscribed,0
1716,C001,Ignored,0
784,C012,Unsubscribed,0
1101,C006,Ignored,0
1978,C013,Ignored,0
733,C017,Clicked,1
1929,C001,Unsubscribed,0
1818,C008,Ignored,1
1564,C008,Ignored,0
1385,C011,Ignored,0
77,C014,Ignored,0
509,C010,Ignored,0
1188,C015,Unsubscribed,0
1033,C007,Clicked,1
1199,C007,Ignored,0
462,C010,Clicked,1
1331,C004,Ignored,0
1612,C018,Unsubscribed,0
245,C010,Clicked,1
122,C019,Ignored,0
185,C014,Unsubscribed,0
32,C013,Clicked,1
998,C015,Ignored,0
1987,C016,Ignored,0
762,C002,Ignored,0
569,C004,Ignored,0
310,C018,Unsubscribed,0
1396,C017,Unsubscribed,0
1680,C010,Ignored,0
830,C009,Ignored,0
1620,C015,Unsubscribed,0
992,C012,Ignored,0
1080,C009,Ignored,0
791,C014,Ignored,0
1297,C013,Ignored,0
464,C006,Ignored,0
678,C019,Ignored,1
1480,C004,Ignored,0
979,C020,Unsubscribed,0
670,C017,Unsubscribed,0
1273,C019,Ignored,0
698,C003,Ignored,0
994,C014,Ignored,0
78,C017,Ignored,0
534,C013,Clicked,1
108,C009,Ignored,0
1297,C001,Clicked,1
764,C017,Clicked,1
15,C016,Unsubscribed,0
370,C018,Unsubscribed,0
1328,C002,Ignored,0
1696,C014,Ignored,0
205,C017,Ignored,0
1137,C003,Ignored,0
1704,C002,Ignored,0
865,C008,Ignored,0
1277,C002,Clicked,1
441,C002,Ignored,0
1210,C009,Ignored,0
859,C020,Ignored,0
227,C006,Ignored,0
528,C012,Ignored,0
1692,C009,Ignored,0
354,C007,Ignored,0
623,C012,Ignored,0
1025,C005,Ignored,0
1577,C016,Ignored,0
1584,C005,Ignored,0
927,C012,Unsubscribed,0
1444,C020,Ignored,0
1644,C009,Ignored,0
1185,C007,Ignored,0
161,C019,Ignored,1
871,C020,Ignored,0
1152,C011,Ignored,0
1746,C012,Ignored,1
1175,C003,Clicked,1
444,C017,Ignored,0
1791,C007,Ignored,0
1495,C010,Ignored,0
463,C015,Ignored,0
1754,C002,Ignored,0
1054,C013,Ignored,0
473,C004,Ignored,0
557,C018,Clicked,1
80,C001,Ignored,0
1063,C002,Unsubscribed,0
240,C002,Ignored,1
557,C004,Ignored,0
590,C003,Ignored,0
1361,C017,Ignored,0
1932,C014,Ignored,0
1885,C002,Ignored,0
1824,C016,Ignored,0
1976,C011,Unsubscribed,0
1304,C013,Ignored,1
1140,C001,Unsubscribed,0
269,C002,Ignored,0
1940,C002,Ignored,0
335,C005,Ignored,0
312,C004,Unsubscribed,0
1077,C012,Ignored,0
1092,C003,Ignored,0
694,C020,Ignored,0
34,C010,Unsubscribed,0
1820,C020,Ignored,0
1842,C018,Ignored,0
386,C010,Ignored,0
249,C001,Unsubscribed,0
1135,C006,Ignored,0
1118,C011,Ignored,0
1434,C002,Ignored,0
1203,C007,Ignored,0
1071,C020,Unsubscribed,0
794,C018,Clicked,1
852,C019,Unsubscribed,0
874,C004,Ignored,0
1628,C013,Ignored,0
376,C018,Ignored,0
724,C020,Ignored,0
1611,C013,Ignored,0
1914,C019,Clicked,1
202,C017,Unsubscribed,0
445,C001,Ignored,0
1943,C006,Ignored,0
1957,C019,Ignored,0
297,C020,Unsubscribed,0
1332,C001,Unsubscribed,0
1747,C008,Ignored,0
493,C017,Ignored,0
338,C015,Ignored,0
1969,C018,Ignored,0
923,C007,Ignored,1
1670,C016,Unsubscribed,0
1866,C007,Ignored,0
1090,C017,Unsubscribed,0
792,C004,Ignored,0
1446,C012,Ignored,0
1564,C013,Ignored,0
1948,C004,Clicked,1
1653,C001,Ignored,0
1517,C001,Ignored,0
1906,C007,Unsubscribed,0
962,C009,Ignored,0
317,C001,Ignored,0
942,C016,Ignored,0
1861,C018,Unsubscribed,0
626,C015,Ignored,0
75,C006,Ignored,0
1738,C002,Ignored,0
939,C009,Clicked,1
59,C004,Ignored,0
386,C013,Ignored,0
15,C011,Ignored,0
1255,C013,Ignored,0
1641,C011,Clicked,1
1701,C019,Ignored,0
199,C008,Ignored,0
1940,C007,Ignored,0
1378,C016,Ignored,0
35,C003,Ignored,0
162,C017,Unsubscribed,0
1781,C018,Ignored,0
982,C015,Ignored,0
799,C017,Unsubscribed,0
895,C011,Unsubscribed,0
471,C005,Unsubscribed,0
531,C016,Ignored,1
1988,C015,Ignored,0
792,C010,Ignored,1
852,C014,Ignored,0
1447,C002,Unsubscribed,0
348,C016,Unsubscribed,0
694,C019,Ignored,0
935,C008,Ignored,0
913,C015,Clicked,1
147,C010,Ignored,0
1398,C005,Unsubscribed,0
1712,C020,Ignored,0
675,C016,Ignored,0
1440,C012,Unsubscribed,0
687,C013,Ignored,0
1518,C009,Ignored,0
1583,C017,Ignored,0
1280,C020,Unsubscribed,0
960,C012,Ignored,0
686,C005,Ignored,0
1127,C012,Ignored,0
121,C001,Ignored,0
419,C020,Ignored,0
350,C016,Unsubscribed,0
1681,C012,Ignored,0
42,C009,Ignored,0
1391,C013,Ignored,0
29,C017,Unsubscribed,0
966,C017,Unsubscribed,0
1916,C004,Ignored,0
785,C014,Clicked,1
14,C019,Ignored,0
920,C007,Ignored,0
1977,C003,Unsubscribed,0
825,C012,Ignored,0
1509,C015,Clicked,1
1213,C011,Clicked,1
872,C010,Ignored,0
295,C002,Ignored,0
1207,C004,Clicked,1
864,C017,Unsubscribed,0
548,C017,Ignored,0
1906,C008,Ignored,0
1061,C014,Ignored,0
1008,C004,Ignored,0
1038,C006,Unsubscribed,0
1947,C019,Unsubscribed,0
635,C004,Ignored,0
595,C003,Ignored,0
1183,C020,Ignored,0
1518,C006,Ignored,0
1353,C007,Clicked,1
614,C014,Clicked,1
1873,C012,Ignored,0
1107,C016,Clicked,1
1580,C020,Clicked,1
1604,C008,Ignored,0
1584,C002,Ignored,0
1593,C013,Unsubscribed,0
1611,C008,Ignored,0
1046,C020,Ignored,0
1156,C016,Ignored,0
465,C004,Unsubscribed,0
1480,C016,Clicked,1
1326,C020,Ignored,0
955,C006,Ignored,0
930,C004,Ignored,0
1291,C016,Clicked,1
799,C013,Unsubscribed,0
395,C005,Ignored,0
1144,C015,Unsubscribed,0
246,C008,Ignored,0
568,C007,Ignored,0
38,C014,Ignored,0
245,C007,Ignored,0
21,C007,Ignored,0
1134,C018,Ignored,0
1630,C010,Ignored,0
394,C018,Ignored,0
1434,C014,Unsubscribed,0
987,C010,Ignored,0
1672,C007,Ignored,0
1767,C007,Unsubscribed,0
8,C007,Ignored,1
1468,C005,Ignored,0
328,C001,Ignored,0
1911,C014,Ignored,0
290,C018,Ignored,0
1787,C013,Unsubscribed,0
511,C008,Ignored,0
912,C008,Ignored,0
361,C010,Ignored,0
1933,C017,Ignored,0
1623,C006,Ignored,0
716,C015,Ignored,0
219,C015,Ignored,0
406,C016,Ignored,0
753,C008,Unsubscribed,0
923,C019,Ignored,0
1794,C015,Ignored,0
1645,C003,Ignored,0
1792,C006,Ignored,0
794,C008,Ignored,0
1244,C016,Ignored,0
595,C015,Ignored,0
107,C013,Ignored,1
581,C020,Unsubscribed,0
609,C015,Unsubscribed,0
1748,C018,Unsubscribed,0
1310,C013,Ignored,0
1773,C008,Ignored,1
8,C014,Ignored,1
806,C011,Clicked,1
189,C006,Ignored,0
81,C001,Ignored,0
108,C002,Ignored,0
1345,C013,Ignored,0
1603,C001,Unsubscribed,0
686,C004,Clicked,1
346,C002,Unsubscribed,0
1887,C020,Ignored,0
328,C016,Unsubscribed,0
555,C003,Ignored,0
1723,C017,Ignored,0
302,C005,Ignored,1
200,C008,Ignored,0
893,C012,Ignored,0
1443,C012,Ignored,0
1063,C001,Clicked,1
1756,C001,Ignored,0
307,C015,Ignored,0
1028,C017,Ignored,0
1657,C002,Clicked,1
1872,C017,Ignored,0
1101,C020,Unsubscribed,0
468,C009,Ignored,0
179,C012,Unsubscribed,0
645,C004,Unsubscribed,0
1847,C013,Unsubscribed,0
1765,C004,Ignored,0
276,C007,Ignored,0
1176,C014,Ignored,0
1188,C009,Unsubscribed,0
1314,C001,Ignored,0
1402,C001,Clicked,1
621,C020,Unsubscribed,0
638,C004,Ignored,0
1776,C001,Ignored,0
1334,C010,Ignored,0
930,C002,Clicked,1
1937,C015,Clicked,1
1413,C003,Ignored,0
1881,C009,Ignored,0
1682,C017,Ignored,0
1788,C013,Ignored,0
183,C003,Ignored,0
1845,C004,Ignored,0
1330,C004,Ignored,0
72,C011,Unsubscribed,0
1243,C007,Ignored,0
719,C011,Ignored,0
1197,C011,Clicked,1
1677,C010,Ignored,0
1296,C005,Unsubscribed,0
726,C013,Ignored,1
1492,C012,Unsubscribed,0
269,C010,Unsubscribed,0
1044,C007,Unsubscribed,0
578,C019,Ignored,0
995,C019,Ignored,0
815,C019,Ignored,1
1527,C012,Ignored,1
147,C020,Ignored,0
1453,C015,Clicked,1
1189,C005,Unsubscribed,0
890,C014,Ignored,0
310,C012,Ignored,0
518,C011,Ignored,0
14,C005,Ignored,0
132,C016,Unsubscribed,0
1878,C018,Ignored,0
755,C012,Ignored,0
439,C005,Clicked,1
743,C016,Clicked,1
740,C012,Unsubscribed,0
1698,C002,Unsubscribed,0
795,C006,Unsubscribed,0
263,C004,Ignored,0
643,C013,Ignored,0
1967,C010,Ignored,0
1249,C017,Ignored,0
258,C014,Ignored,0
1258,C015,Ignored,0
1360,C008,Unsubscribed,0
409,C018,Ignored,0
1852,C003,Ignored,0
1048,C007,Ignored,0
271,C013,Ignored,0
1119,C016,Ignored,0
142,C005,Ignored,0
1718,C004,Unsubscribed,0
1742,C010,Ignored,0
902,C013,Unsubscribed,0
974,C010,Clicked,1
1105,C014,Ignored,0
274,C012,Ignored,0
276,C001,Unsubscribed,0
1907,C020,Ignored,0
1982,C020,Unsubscribed,0
465,C007,Unsubscribed,0
1232,C009,Unsubscribed,0
1320,C008,Ignored,0
1063,C013,Unsubscribed,0
1972,C014,Ignored,0
288,C012,Clicked,1
1148,C008,Clicked,1
876,C018,Ignored,0
1993,C016,Clicked,1
1307,C011,Ignored,0
878,C016,Unsubscribed,0
180,C014,Unsubscribed,0
1121,C003,Ignored,0
1215,C002,Ignored,0
1098,C003,Ignored,0
447,C004,Unsubscribed,0
785,C005,Ignored,0
1521,C010,Ignored,0
561,C020,Ignored,0
484,C002,Unsubscribed,0
849,C012,Ignored,0
722,C005,Ignored,0
116,C005,Ignored,0
535,C001,Ignored,0
1122,C004,Unsubscribed,0
1352,C012,Ignored,0
1933,C012,Clicked,1
407,C016,Unsubscribed,0
1337,C017,Ignored,0
1726,C010,Ignored,0
694,C017,Unsubscribed,0
1172,C017,Ignored,0
1366,C018,Ignored,0
948,C004,Ignored,0
23,C019,Ignored,0
1129,C011,Ignored,0
1699,C017,Ignored,0
1603,C012,Clicked,1
1826,C002,Unsubscribed,0
1825,C006,Ignored,0
558,C009,Ignored,0
1617,C005,Ignored,0
941,C020,Ignored,0
1683,C009,Ignored,0
1246,C008,Ignored,0
855,C020,Clicked,1
1039,C008,Ignored,0
891,C006,Ignored,0
1657,C003,Ignored,0
78,C005,Ignored,0
1346,C009,Ignored,0
807,C007,Ignored,0
1265,C004,Unsubscribed,0
1042,C007,Unsubscribed,0
768,C005,Ignored,0
454,C011,Ignored,0
1467,C015,Ignored,0
928,C002,Ignored,0
277,C013,Ignored,0
1448,C016,Ignored,0
1500,C007,Ignored,0
1051,C008,Ignored,1
514,C006,Unsubscribed,0
1889,C007,Ignored,0
464,C018,Ignored,0
807,C020,Unsubscribed,0
824,C007,Unsubscribed,0
363,C003,Ignored,0
1407,C005,Ignored,0
751,C001,Unsubscribed,0
1406,C003,Unsubscribed,0
1208,C008,Ignored,1
1218,C009,Ignored,0
1486,C015,Ignored,0
56,C010,Ignored,0
1254,C002,Ignored,0
489,C020,Ignored,0
1052,C005,Ignored,0
1856,C019,Ignored,0
1607,C013,Unsubscribed,0
722,C011,Ignored,0
1984,C001,Ignored,0
1208,C015,Ignored,0
1449,C018,Unsubscribed,0
1399,C016,Unsubscribed,0
1892,C009,Ignored,0
41,C001,Ignored,0
1508,C011,Ignored,0
1004,C009,Unsubscribed,0
260,C011,Ignored,1
441,C013,Ignored,0
926,C002,Ignored,0
856,C014,Ignored,0
84,C006,Ignored,0
46,C008,Unsubscribed,0
440,C018,Ignored,0
1695,C016,Clicked,1
1880,C012,Clicked,1
1543,C011,Unsubscribed,0
986,C006,Ignored,0
1869,C003,Ignored,0
1462,C014,Unsubscribed,0
136,C002,Ignored,0
1207,C011,Clicked,1
1733,C003,Ignored,0
1196,C018,Unsubscribed,0
861,C001,Ignored,0
788,C012,Ignored,0
590,C015,Ignored,0
1952,C005,Ignored,0
956,C006,Ignored,0
690,C016,Ignored,0
539,C012,Unsubscribed,0
1144,C012,Ignored,1
1305,C003,Ignored,0
1332,C002,Unsubscribed,0
708,C007,Ignored,0
1301,C002,Ignored,0
1554,C007,Unsubscribed,0
295,C011,Clicked,1
1807,C011,Unsubscribed,0
806,C003,Unsubscribed,0
1456,C014,Ignored,0
52,C011,Ignored,0
728,C004,Ignored,0
72,C017,Clicked,1
28,C016,Ignored,0
469,C003,Ignored,0
1936,C010,Unsubscribed,0
764,C015,Ignored,0
886,C008,Unsubscribed,0
912,C018,Ignored,0
547,C003,Unsubscribed,0
1425,C007,Ignored,0
201,C010,Unsubscribed,0
1785,C020,Clicked,1
1635,C009,Ignored,0
820,C014,Unsubscribed,0
1490,C014,Ignored,0
1676,C011,Ignored,0
1619,C001,Clicked,1
560,C004,Ignored,0
1814,C006,Ignored,0
379,C005,Unsubscribed,0
1784,C003,Ignored,0
1919,C002,Unsubscribed,0
1201,C003,Ignored,0
1076,C009,Ignored,0
79,C019,Ignored,0
1409,C019,Clicked,1
834,C017,Ignored,0
1600,C018,Ignored,0
1032,C011,Unsubscribed,0
1238,C012,Ignored,0
25,C003,Ignored,0
450,C018,Ignored,0
768,C006,Ignored,0
755,C007,Ignored,0
1993,C001,Ignored,0
1481,C006,Ignored,0
1485,C018,Ignored,1
198,C013,Ignored,0
1118,C019,Ignored,0
1743,C007,Unsubscribed,0
1971,C019,Ignored,0
437,C009,Clicked,1
1551,C003,Unsubscribed,0
690,C012,Ignored,0
1991,C020,Ignored,1
1402,C018,Ignored,1
587,C008,Ignored,0
104,C009,Ignored,1
1830,C013,Ignored,0
1704,C008,Ignored,0
1986,C010,Unsubscribed,0
627,C017,Ignored,0
1063,C007,Unsubscribed,0
364,C018,Ignored,0
1809,C002,Ignored,0
135,C003,Ignored,0
374,C019,Unsubscribed,0
1256,C001,Clicked,1
39,C010,Ignored,0
1988,C014,Unsubscribed,0
1827,C013,Ignored,0
819,C009,Clicked,1
47,C006,Unsubscribed,0
36,C006,Ignored,0
95,C010,Ignored,0
985,C003,Unsubscribed,0
1385,C018,Ignored,0
1549,C019,Clicked,1
1170,C005,Ignored,0
1941,C011,Clicked,1
368,C010,Clicked,1
65,C017,Clicked,1
1252,C004,Clicked,1
754,C018,Ignored,0
1544,C018,Ignored,0
816,C001,Unsubscribed,0
1877,C014,Unsubscribed,0
1579,C008,Ignored,0
756,C002,Ignored,0
181,C019,Ignored,0
1525,C015,Unsubscribed,0
597,C002,Ignored,0
1179,C004,Unsubscribed,0
787,C001,Unsubscribed,0
1559,C019,Ignored,0
627,C010,Ignored,0
1842,C001,Ignored,0
1459,C020,Unsubscribed,0
1835,C015,Ignored,0
1123,C004,Clicked,1
616,C007,Ignored,0
1396,C007,Unsubscribed,0
1587,C018,Unsubscribed,0
1386,C013,Ignored,0
112,C010,Unsubscribed,0
453,C008,Ignored,0
756,C010,Clicked,1
1193,C014,Unsubscribed,0
584,C014,Ignored,0
139,C020,Clicked,1
1872,C011,Ignored,0
231,C006,Ignored,0
1263,C001,Unsubscribed,0
984,C019,Clicked,1
253,C007,Clicked,1
1460,C018,Clicked,1
1943,C003,Unsubscribed,0
1446,C011,Ignored,0
1327,C005,Ignored,0
72,C019,Clicked,1
1287,C002,Clicked,1
1858,C004,Ignored,0
222,C010,Ignored,0
1101,C002,Ignored,0
62,C008,Ignored,0
1495,C001,Ignored,0
1181,C006,Ignored,0
125,C010,Unsubscribed,0
741,C013,Unsubscribed,0
1876,C001,Clicked,1
161,C002,Unsubscribed,0
541,C003,Ignored,1
626,C009,Unsubscribed,0
1615,C005,Unsubscribed,0
1559,C010,Ignored,0
106,C010,Ignored,0
1155,C012,Ignored,0
1381,C018,Ignored,0
1709,C001,Ignored,0
776,C003,Ignored,0
1878,C005,Ignored,0
1909,C017,Ignored,0
1821,C008,Ignored,0
2,C017,Ignored,0
233,C009,Ignored,0
369,C006,Ignored,0
1275,C017,Ignored,1
946,C008,Ignored,0
1132,C007,Ignored,0
1300,C015,Unsubscribed,0
180,C007,Ignored,0
1749,C008,Ignored,0
293,C009,Unsubscribed,0
584,C015,Ignored,0
795,C002,Ignored,0
175,C007,Ignored,0
123,C015,Ignored,0
227,C018,Unsubscribed,0
1926,C018,Ignored,0
444,C010,Clicked,1
1837,C018,Ignored,0
428,C001,Clicked,1
1107,C007,Ignored,0
765,C003,Ignored,0
1682,C014,Unsubscribed,0
632,C012,Ignored,0
65,C014,Ignored,0
1305,C004,Ignored,0
1819,C013,Clicked,1
1415,C016,Ignored,0
428,C016,Ignored,0
618,C005,Ignored,1
925,C020,Ignored,0
812,C006,Ignored,0
107,C006,Ignored,0
1572,C018,Ignored,0
659,C006,Unsubscribed,0
1286,C007,Clicked,1
1945,C016,Ignored,0
1183,C009,Ignored,0
265,C013,Ignored,0
1226,C019,Ignored,0
1957,C001,Ignored,0
155,C008,Ignored,0
1037,C004,Clicked,1
1321,C019,Ignored,0
896,C005,Ignored,0
1858,C017,Ignored,0
1522,C003,Ignored,0
1621,C019,Ignored,0
993,C001,Unsubscribed,0
1816,C001,Ignored,0
245,C020,Ignored,0
1324,C009,Ignored,0
1386,C005,Ignored,0
1378,C007,Ignored,0
1852,C006,Clicked,1
1545,C017,Ignored,0
386,C017,Ignored,0
759,C013,Unsubscribed,0
1336,C012,Ignored,0
414,C004,Ignored,0
1302,C008,Ignored,0
1774,C005,Ignored,0
715,C005,Ignored,0
747,C011,Clicked,1
593,C008,Ignored,0
1380,C008,Ignored,0
1549,C001,Clicked,1
839,C013,Unsubscribed,0
16,C005,Ignored,0
993,C008,Ignored,0
1069,C017,Unsubscribed,0
651,C009,Ignored,0
1350,C002,Ignored,0
148,C019,Ignored,0
1260,C017,Ignored,0
703,C007,Unsubscribed,0
613,C003,Unsubscribed,0
105,C019,Unsubscribed,0
1498,C019,Ignored,0
1786,C009,Clicked,1
396,C010,Ignored,0
1470,C014,Unsubscribed,0
606,C018,Ignored,0
1244,C015,Ignored,0
1834,C001,Clicked,1
851,C006,Ignored,0
1989,C015,Ignored,0
442,C006,Unsubscribed,0
1669,C018,Ignored,0
873,C001,Ignored,0
667,C003,Ignored,0
1052,C017,Unsubscribed,0
794,C016,Ignored,0
475,C008,Ignored,0
1329,C008,Ignored,0
1770,C017,Clicked,1
1429,C009,Ignored,0
1537,C012,Unsubscribed,0
502,C019,Ignored,0
1264,C011,Ignored,0
1018,C004,Unsubscribed,0
570,C014,Unsubscribed,0
1871,C014,Ignored,0
695,C006,Ignored,0
26,C002,Ignored,0
1433,C008,Ignored,0
1101,C004,Ignored,0
1953,C010,Ignored,0
217,C007,Ignored,0
1352,C004,Unsubscribed,0
837,C016,Unsubscribed,0
1047,C016,Ignored,0
1780,C009,Ignored,0
670,C004,Clicked,1
718,C006,Ignored,0
310,C001,Clicked,1
599,C007,Unsubscribed,0
267,C001,Clicked,1
1439,C019,Ignored,0
646,C008,Ignored,0
1291,C003,Ignored,0
1357,C001,Ignored,0
1023,C001,Ignored,0
1804,C007,Clicked,1
450,C013,Clicked,1
565,C001,Ignored,0
1635,C016,Ignored,1
1271,C014,Clicked,1
1060,C004,Ignored,0
1425,C012,Ignored,0
28,C012,Unsubscribed,0
220,C017,Ignored,0
406,C015,Unsubscribed,0
1638,C010,Unsubscribed,0
1799,C003,Ignored,0
271,C020,Ignored,0
1760,C020,Ignored,0
1675,C012,Ignored,0
792,C001,Ignored,0
1535,C001,Ignored,1
963,C010,Ignored,0
1310,C018,Ignored,0
1478,C015,Ignored,0
1786,C002,Ignored,0
317,C008,Ignored,0
1614,C009,Ignored,0
1321,C020,Ignored,0
338,C011,Ignored,0
1331,C006,Ignored,0
1452,C014,Ignored,0
351,C001,Ignored,0
511,C007,Ignored,1
525,C009,Unsubscribed,0
1882,C011,Unsubscribed,0
492,C016,Ignored,0
1932,C019,Clicked,1
1618,C002,Ignored,0
9,C015,Ignored,0
1521,C003,Ignored,0
1749,C004,Ignored,0
1584,C020,Unsubscribed,0
561,C007,Ignored,0
1845,C012,Ignored,0
440,C004,Ignored,0
1576,C010,Ignored,0
1899,C006,Ignored,0
792,C014,Unsubscribed,0
1762,C003,Ignored,0
1992,C017,Clicked,1
1132,C011,Ignored,0
1269,C010,Ignored,0
1279,C010,Ignored,0
33,C010,Ignored,0
1047,C003,Ignored,0
845,C015,Ignored,0
566,C017,Clicked,1
1845,C018,Ignored,0
49,C019,Ignored,0
462,C019,Clicked,1
590,C012,Ignored,0
336,C005,Ignored,0
1969,C016,Ignored,0
1382,C015,Ignored,0
1146,C015,Clicked,1
1468,C006,Ignored,0
359,C012,Ignored,0
1626,C002,Unsubscribed,0
346,C020,Ignored,0
193,C009,Ignored,0
1440,C004,Clicked,1
1401,C005,Ignored,0
1487,C008,Ignored,0
1685,C007,Ignored,0
1170,C014,Ignored,0
478,C005,Ignored,0
828,C016,Unsubscribed,0
890,C015,Ignored,0
653,C005,Ignored,0
408,C003,Clicked,1
286,C010,Unsubscribed,0
1922,C005,Ignored,0
851,C015,Ignored,0
111,C018,Clicked,1
1903,C002,Unsubscribed,0
793,C008,Ignored,0
50,C008,Unsubscribed,0
1038,C004,Ignored,0
1158,C019,Ignored,0
588,C018,Ignored,0
596,C001,Ignored,0
1367,C020,Ignored,0
670,C015,Unsubscribed,0
1958,C012,Ignored,1
314,C001,Ignored,0
606,C007,Ignored,0
297,C019,Ignored,0
1630,C001,Ignored,0
569,C007,Clicked,1
1188,C002,Ignored,0
832,C007,Ignored,0
1521,C019,Ignored,0
610,C013,Ignored,0
1368,C019,Ignored,0
1102,C001,Unsubscribed,0
1370,C001,Ignored,0
72,C018,Unsubscribed,0
270,C001,Unsubscribed,0
287,C005,Unsubscribed,0
66,C009,Unsubscribed,0
880,C012,Ignored,0
68,C009,Unsubscribed,0
1217,C018,Ignored,0
1079,C011,Ignored,0
980,C001,Ignored,0
1403,C019,Ignored,0
1192,C002,Ignored,0
1433,C007,Ignored,0
508,C020,Unsubscribed,0
1561,C002,Ignored,0
1667,C019,Unsubscribed,0
837,C006,Ignored,0
1126,C010,Ignored,0
886,C009,Ignored,0
1832,C011,Ignored,0
1830,C009,Ignored,0
422,C020,Ignored,0
1988,C020,Ignored,0
775,C009,Unsubscribed,0
478,C008,Ignored,0
926,C015,Unsubscribed,0
120,C002,Ignored,0
1939,C001,Ignored,0
1767,C009,Ignored,1
1315,C009,Ignored,0
488,C013,Ignored,1
1185,C008,Ignored,0
1697,C005,Ignored,0
78,C003,Ignored,0
1062,C004,Ignored,1
1418,C017,Ignored,0
441,C016,Ignored,0
1564,C016,Unsubscribed,0
462,C020,Unsubscribed,0
612,C003,Ignored,0
1318,C006,Unsubscribed,0
1424,C001,Ignored,0
1660,C016,Ignored,0
917,C015,Ignored,0
1116,C007,Ignored,0
1791,C002,Ignored,0
609,C010,Clicked,1
6,C015,Ignored,1
681,C006,Unsubscribed,0
895,C002,Ignored,0
271,C017,Unsubscribed,0
1644,C001,Clicked,1
1923,C001,Ignored,0
811,C004,Unsubscribed,0
559,C020,Ignored,0
99,C016,Unsubscribed,0
526,C008,Ignored,0
194,C001,Ignored,0
1181,C019,Ignored,0
1924,C011,Ignored,0
1690,C017,Ignored,0
1139,C010,Ignored,0
396,C012,Ignored,0
770,C009,Ignored,0
1681,C007,Unsubscribed,0
1827,C012,Clicked,1
1024,C015,Ignored,0
1546,C008,Unsubscribed,0
880,C017,Unsubscribed,0
1238,C005,Ignored,0
745,C014,Ignored,0
683,C002,Ignored,0
1557,C016,Ignored,0
15,C017,Ignored,0
1443,C003,Ignored,0
368,C001,Unsubscribed,0
638,C018,Ignored,0
853,C018,Clicked,1
1877,C004,Ignored,0
1237,C015,Ignored,0
700,C019,Ignored,0
1708,C019,Unsubscribed,0
1783,C010,Clicked,1
5,C005,Clicked,1
231,C019,Ignored,0
1225,C011,Unsubscribed,0
1909,C007,Unsubscribed,0
1426,C005,Ignored,0
1173,C020,Ignored,0
1608,C012,Ignored,1
1516,C019,Ignored,0
1012,C015,Ignored,0
1250,C012,Ignored,0
586,C004,Clicked,1
1843,C012,Ignored,0
169,C018,Unsubscribed,0
792,C019,Ignored,0
1000,C016,Ignored,0
152,C011,Ignored,0
1016,C002,Ignored,0
224,C016,Ignored,0
504,C001,Ignored,0
1761,C017,Ignored,0
44,C013,Ignored,0
697,C005,Ignored,0
504,C006,Ignored,0
1979,C001,Ignored,0
1265,C010,Ignored,1
930,C005,Ignored,0
843,C001,Unsubscribed,0
351,C011,Ignored,0
1746,C007,Ignored,0
23,C018,Ignored,0
1660,C020,Unsubscribed,0
598,C010,Ignored,0
1067,C015,Unsubscribed,0
466,C004,Ignored,0
40,C016,Ignored,0
303,C015,Unsubscribed,0
1705,C015,Clicked,1
175,C012,Unsubscribed,0
999,C008,Ignored,1
1556,C008,Ignored,0
621,C006,Ignored,0
1217,C005,Unsubscribed,0
244,C002,Unsubscribed,0
836,C012,Unsubscribed,0
280,C004,Ignored,0
1764,C013,Ignored,0
1060,C017,Ignored,0
557,C016,Ignored,0
898,C009,Ignored,0
1564,C001,Ignored,0
1178,C015,Ignored,0
1047,C012,Ignored,0
719,C005,Ignored,0
932,C018,Ignored,0
91,C020,Ignored,0
390,C002,Ignored,0
1955,C004,Ignored,0
1383,C015,Ignored,0
550,C006,Ignored,0
931,C012,Ignored,0
1252,C018,Clicked,1
1226,C020,Ignored,0
1374,C004,Ignored,0
1845,C001,Unsubscribed,0
1790,C015,Ignored,0
1062,C018,Ignored,0
733,C014,Ignored,0
500,C003,Unsubscribed,0
1723,C015,Unsubscribed,0
1067,C005,Ignored,0
871,C003,Ignored,0
1650,C007,Clicked,1
1796,C006,Ignored,0
517,C001,Ignored,0
68,C019,Ignored,0
1764,C007,Clicked,1
123,C004,Ignored,0
1709,C012,Unsubscribed,0
336,C020,Ignored,0
1177,C018,Clicked,1
974,C009,Unsubscribed,0
779,C019,Unsubscribed,0
1693,C004,Ignored,0
1186,C001,Ignored,0
1238,C009,Ignored,0
1934,C015,Unsubscribed,0
1400,C008,Ignored,0
1944,C015,Clicked,1
423,C018,Ignored,1
1562,C007,Unsubscribed,0
939,C018,Unsubscribed,0
804,C016,Ignored,0
1959,C002,Ignored,0
1725,C004,Ignored,0
1936,C020,Ignored,0
634,C016,Ignored,0
1254,C003,Ignored,0
1083,C002,Clicked,1
96,C003,Clicked,1
1286,C005,Clicked,1
354,C002,Clicked,1
1336,C019,Ignored,0
1160,C020,Clicked,1
1886,C002,Clicked,1
1819,C002,Unsubscribed,0
967,C020,Ignored,0
923,C018,Clicked,1
473,C020,Clicked,1
1656,C014,Ignored,0
430,C015,Unsubscribed,0
1961,C012,Ignored,0
975,C011,Clicked,1
537,C011,Ignored,0
1878,C007,Ignored,0
1170,C012,Unsubscribed,0
1548,C016,Ignored,0
87,C005,Ignored,0
1971,C002,Ignored,0
109,C016,Clicked,1
1447,C015,Unsubscribed,0
1369,C011,Ignored,0
1290,C006,Clicked,1
1758,C013,Ignored,0
1610,C019,Ignored,0
994,C010,Ignored,0
1518,C019,Ignored,0
1357,C005,Ignored,0
822,C007,Clicked,1
1437,C011,Unsubscribed,0
1638,C014,Ignored,0
1005,C018,Ignored,0
649,C004,Ignored,1
191,C001,Unsubscribed,0
1997,C015,Unsubscribed,0
933,C014,Clicked,1
142,C019,Clicked,1
1893,C005,Unsubscribed,0
1097,C004,Ignored,0
840,C013,Ignored,0
1191,C018,Ignored,0
168,C012,Ignored,0
566,C015,Ignored,0
1283,C009,Ignored,0
1463,C004,Ignored,0
1135,C005,Ignored,0
744,C009,Unsubscribed,0
673,C013,Unsubscribed,0
864,C010,Ignored,0
839,C016,Ignored,0
531,C013,Unsubscribed,0
1314,C004,Ignored,0
974,C013,Clicked,1
562,C008,Unsubscribed,0
1534,C013,Ignored,0
175,C015,Ignored,0
302,C020,Clicked,1
1720,C020,Ignored,0
185,C013,Ignored,0
1363,C005,Unsubscribed,0
510,C006,Unsubscribed,0
819,C005,Clicked,1
1334,C013,Ignored,0
1531,C005,Unsubscribed,0
1370,C013,Ignored,0
1105,C020,Ignored,0
1398,C008,Clicked,1
156,C009,Ignored,0
787,C019,Ignored,0
795,C020,Unsubscribed,0
432,C015,Unsubscribed,0
1524,C010,Unsubscribed,0
761,C011,Ignored,0
147,C005,Unsubscribed,0
481,C009,Ignored,0
435,C011,Ignored,0
1543,C019,Ignored,0
1693,C002,Ignored,0
1707,C006,Ignored,0
69,C001,Ignored,0
1630,C003,Unsubscribed,0
1905,C003,Ignored,0
875,C014,Unsubscribed,0
1912,C020,Ignored,0
186,C005,Ignored,0
904,C017,Ignored,0
682,C015,Ignored,0
204,C006,Clicked,1
554,C014,Clicked,1
13,C014,Ignored,0
666,C017,Unsubscribed,0
1298,C008,Unsubscribed,0
1322,C008,Ignored,0
51,C019,Unsubscribed,0
500,C009,Unsubscribed,0
369,C011,Unsubscribed,0
724,C013,Clicked,1
1680,C013,Ignored,0
357,C019,Ignored,0
1027,C019,Ignored,0
1278,C005,Ignored,0
1499,C016,Ignored,0
847,C009,Ignored,0
1530,C020,Unsubscribed,0
256,C003,Ignored,0
1634,C019,Ignored,0
1709,C005,Unsubscribed,0
1174,C008,Ignored,0
1512,C014,Clicked,1
279,C003,Unsubscribed,0
1083,C013,Ignored,0
446,C011,Ignored,1
113,C008,Ignored,0
836,C019,Unsubscribed,0
755,C010,Unsubscribed,0
1846,C018,Ignored,0
1593,C018,Ignored,0
1513,C007,Unsubscribed,0
1431,C016,Clicked,1
367,C006,Unsubscribed,0
1084,C016,Ignored,0
329,C016,Unsubscribed,0
728,C001,Ignored,0
1493,C019,Ignored,0
1769,C003,Ignored,0
1006,C006,Ignored,0
1591,C004,Ignored,0
1909,C004,Clicked,1
720,C004,Ignored,0
1087,C010,Ignored,0
184,C009,Unsubscribed,0
1023,C008,Ignored,0
311,C019,Ignored,0
1817,C017,Ignored,0
1562,C017,Ignored,0
177,C001,Ignored,0
1599,C020,Ignored,0
1453,C014,Clicked,1
1097,C020,Ignored,0
847,C011,Ignored,0
1191,C003,Ignored,0
1249,C008,Clicked,1
1601,C010,Ignored,0
1605,C017,Unsubscribed,0
1976,C008,Unsubscribed,0
236,C020,Unsubscribed,0
710,C007,Unsubscribed,0
924,C009,Clicked,1
685,C012,Unsubscribed,0
794,C009,Ignored,0
1052,C020,Ignored,0
808,C003,Unsubscribed,0
1935,C004,Unsubscribed,0
1670,C010,Unsubscribed,0
27,C004,Ignored,0
550,C009,Unsubscribed,0
1220,C001,Unsubscribed,0
1227,C005,Ignored,0
85,C009,Unsubscribed,0
1856,C005,Ignored,0
1054,C006,Ignored,0
466,C019,Unsubscribed,0
1123,C008,Unsubscribed,0
1923,C010,Ignored,0
1214,C011,Unsubscribed,0
12,C013,Unsubscribed,0
1627,C020,Unsubscribed,0
1013,C004,Unsubscribed,0
1054,C011,Ignored,0
1749,C012,Clicked,1
1062,C005,Ignored,0
1877,C010,Ignored,0
572,C007,Unsubscribed,0
1318,C009,Ignored,0
1384,C009,Ignored,0
1679,C010,Ignored,0
914,C010,Unsubscribed,0
180,C002,Ignored,0
797,C004,Ignored,0
1136,C008,Unsubscribed,0
1766,C014,Ignored,0
1468,C017,Ignored,0
1045,C013,Unsubscribed,0
1169,C018,Clicked,1
1523,C018,Ignored,0
1170,C013,Ignored,0
441,C008,Ignored,0
887,C012,Unsubscribed,0
421,C001,Ignored,0
1340,C020,Ignored,0
1190,C018,Ignored,0
1676,C003,Clicked,1
1227,C012,Ignored,0
1520,C019,Unsubscribed,0
1780,C013,Clicked,1
1649,C010,Ignored,0
468,C015,Clicked,1
713,C020,Unsubscribed,0
385,C002,Ignored,0
314,C019,Unsubscribed,0
771,C003,Ignored,1
1279,C014,Ignored,1
959,C007,Ignored,0
917,C008,Unsubscribed,0
23,C011,Ignored,0
1929,C020,Ignored,0
1782,C006,Ignored,0
339,C011,Ignored,0
1517,C017,Ignored,0
823,C010,Clicked,1
1535,C017,Clicked,1
366,C002,Ignored,0
1396,C006,Ignored,0
915,C005,Clicked,1
1854,C004,Unsubscribed,0
1623,C002,Ignored,0
1243,C012,Unsubscribed,0
475,C003,Clicked,1
1447,C006,Unsubscribed,0
1380,C014,Ignored,0
1484,C008,Ignored,0
1527,C014,Clicked,1
27,C003,Clicked,1
802,C015,Unsubscribed,0
801,C007,Clicked,1
860,C015,Ignored,0
1247,C013,Ignored,0
864,C006,Clicked,1
690,C015,Unsubscribed,0
1448,C004,Ignored,0
1375,C015,Ignored,0
1210,C012,Ignored,0
415,C019,Ignored,0
1830,C010,Ignored,0
982,C006,Unsubscribed,0
429,C009,Clicked,1
41,C002,Ignored,0
905,C004,Ignored,0
1012,C009,Ignored,0
1417,C015,Ignored,0
703,C013,Ignored,0
79,C020,Ignored,0
717,C008,Unsubscribed,0
1920,C019,Unsubscribed,0
1814,C019,Ignored,0
1808,C016,Ignored,0
544,C011,Ignored,0
1474,C010,Ignored,0
474,C008,Ignored,1
1166,C001,Ignored,0
1275,C010,Unsubscribed,0
294,C018,Ignored,0
610,C003,Unsubscribed,0
136,C011,Unsubscribed,0
484,C018,Ignored,0
1813,C003,Unsubscribed,0
1336,C008,Ignored,0
814,C014,Unsubscribed,0
555,C006,Ignored,0
1656,C015,Clicked,1
1756,C014,Ignored,0
46,C007,Ignored,0
1260,C010,Ignored,0
1072,C015,Clicked,1
198,C010,Ignored,0
84,C017,Ignored,0
543,C019,Ignored,0
1185,C017,Ignored,0
1452,C012,Ignored,0
71,C015,Ignored,0
520,C012,Unsubscribed,0
1993,C009,Ignored,0
898,C005,Ignored,0
913,C004,Ignored,0
1076,C012,Ignored,0
1069,C016,Unsubscribed,0
938,C003,Ignored,0
812,C003,Ignored,0
1489,C018,Clicked,1
1574,C010,Ignored,0
867,C002,Unsubscribed,0
380,C011,Clicked,1
1007,C003,Unsubscribed,0
1767,C002,Unsubscribed,0
1502,C009,Unsubscribed,0
262,C019,Unsubscribed,0
580,C002,Clicked,1
1203,C019,Ignored,0
357,C002,Clicked,1
1443,C015,Unsubscribed,0
1977,C005,Ignored,0
1926,C007,Ignored,0
1037,C006,Ignored,0
443,C014,Ignored,1
726,C001,Clicked,1
1756,C017,Ignored,0
286,C017,Ignored,0
1780,C014,Ignored,0
1892,C010,Ignored,0
1282,C008,Ignored,0
570,C008,Ignored,0
1572,C014,Clicked,1
840,C007,Ignored,0
1965,C006,Ignored,0
1514,C004,Ignored,0
498,C001,Ignored,0
1929,C015,Unsubscribed,0
1918,C015,Ignored,0
705,C001,Clicked,1
1357,C020,Ignored,0
562,C003,Ignored,0
1999,C005,Unsubscribed,0
32,C005,Ignored,0
1634,C004,Ignored,0
43,C017,Clicked,1
1917,C020,Unsubscribed,0
1375,C014,Ignored,0
1358,C008,Ignored,0
1846,C002,Ignored,0
559,C008,Clicked,1
1968,C004,Ignored,0
1847,C019,Ignored,0
1437,C005,Clicked,1
943,C005,Ignored,0
1043,C019,Unsubscribed,0
1371,C012,Clicked,1
1637,C001,Unsubscribed,0
37,C007,Clicked,1
1643,C017,Ignored,0
92,C002,Ignored,0
1844,C011,Ignored,0
185,C007,Unsubscribed,0
728,C017,Unsubscribed,0
1052,C003,Clicked,1
1572,C006,Unsubscribed,0
372,C011,Ignored,0
832,C018,Clicked,1
1554,C018,Clicked,1
345,C010,Ignored,0
1443,C005,Ignored,0
1220,C015,Ignored,0
78,C020,Ignored,0
167,C004,Ignored,0
1114,C001,Unsubscribed,0
264,C015,Unsubscribed,0
1496,C017,Ignored,0
1232,C019,Unsubscribed,0
724,C014,Unsubscribed,0
1295,C019,Ignored,0
1287,C018,Ignored,0
1530,C002,Unsubscribed,0
1809,C006,Ignored,0
512,C013,Ignored,0
1878,C017,Ignored,0
1910,C005,Ignored,0
576,C007,Ignored,0
1548,C001,Ignored,0
722,C013,Ignored,0
1198,C001,Ignored,0
431,C013,Ignored,0
768,C011,Clicked,1
463,C007,Ignored,0
101,C020,Unsubscribed,0
1040,C003,Ignored,0
1733,C001,Clicked,1
1920,C017,Ignored,0
244,C013,Ignored,0
1372,C014,Ignored,0
1273,C005,Ignored,0
105,C006,Ignored,0
694,C006,Unsubscribed,0
1691,C008,Clicked,1
1311,C013,Ignored,0
1193,C018,Clicked,1
1444,C004,Ignored,0
1071,C017,Unsubscribed,0
1345,C003,Ignored,0
818,C004,Ignored,0
221,C005,Unsubscribed,0
1537,C014,Ignored,0
1736,C015,Unsubscribed,0
1465,C020,Ignored,0
144,C017,Ignored,0
890,C006,Ignored,0
1052,C010,Ignored,0
1878,C016,Unsubscribed,0
1874,C017,Ignored,0
790,C014,Unsubscribed,0
553,C020,Ignored,1
844,C012,Unsubscribed,0
659,C009,Unsubscribed,0
1881,C015,Ignored,0
1714,C012,Unsubscribed,0
1851,C014,Ignored,0
837,C018,Ignored,0
1019,C020,Ignored,0
1954,C006,Ignored,0
1191,C004,Ignored,0
1659,C012,Unsubscribed,0
1610,C013,Ignored,0
751,C019,Ignored,1
249,C013,Unsubscribed,0
775,C012,Ignored,0
764,C020,Ignored,0
1381,C003,Ignored,0
1135,C003,Ignored,1
692,C014,Ignored,0
1724,C018,Ignored,0
820,C019,Ignored,0
719,C010,Unsubscribed,0
234,C017,Ignored,0
24,C015,Ignored,0
1050,C019,Ignored,0
1405,C009,Ignored,0
1754,C004,Ignored,0
1006,C015,Unsubscribed,0
1370,C019,Ignored,0
1402,C016,Ignored,0
522,C008,Clicked,1
17,C017,Unsubscribed,0
245,C001,Ignored,0
718,C007,Ignored,0
770,C018,Ignored,0
1648,C012,Ignored,0
717,C016,Ignored,1
1563,C001,Ignored,0
1993,C015,Ignored,0
1607,C007,Ignored,0
1226,C003,Ignored,0
1272,C011,Ignored,0
118,C006,Unsubscribed,0
9,C006,Clicked,1
598,C015,Unsubscribed,0
23,C007,Ignored,0
1991,C011,Ignored,0
240,C017,Ignored,0
1609,C018,Ignored,0
27,C019,Unsubscribed,0
984,C008,Ignored,0
1885,C020,Ignored,0
1105,C008,Ignored,0
1620,C011,Unsubscribed,0
199,C003,Ignored,0
1579,C014,Ignored,0
92,C001,Ignored,0
851,C001,Ignored,0
1983,C012,Ignored,0
1108,C011,Unsubscribed,0
300,C001,Unsubscribed,0
1959,C020,Clicked,1
296,C012,Unsubscribed,0
647,C017,Ignored,1
1305,C002,Clicked,1
1001,C018,Unsubscribed,0
1083,C016,Ignored,0
909,C004,Clicked,1
871,C008,Ignored,0
1366,C002,Ignored,0
753,C014,Ignored,0
1489,C015,Unsubscribed,0
1904,C009,Ignored,0
342,C002,Ignored,0
1634,C017,Ignored,0
62,C010,Ignored,0
776,C009,Clicked,1
625,C002,Ignored,0
1453,C019,Unsubscribed,0
1752,C011,Clicked,1
256,C017,Ignored,0
828,C010,Ignored,0
1014,C018,Ignored,0
1898,C016,Ignored,0
1794,C018,Ignored,0
1730,C020,Ignored,0
1371,C018,Ignored,0
1550,C001,Ignored,0
1328,C003,Unsubscribed,0
615,C015,Ignored,0
757,C010,Ignored,0
824,C005,Ignored,0
780,C015,Ignored,0
1760,C014,Clicked,1
1847,C010,Ignored,0
1436,C009,Ignored,0
878,C012,Ignored,0
1241,C007,Ignored,0
516,C005,Ignored,0
474,C010,Ignored,0
36,C008,Ignored,0
1202,C020,Unsubscribed,0
1411,C016,Unsubscribed,0
1793,C012,Ignored,0
1041,C009,Unsubscribed,0
1735,C010,Ignored,0
830,C016,Ignored,0
1072,C010,Clicked,1
1093,C003,Clicked,1
1683,C019,Ignored,0
1895,C011,Ignored,0
366,C006,Clicked,1
1186,C006,Ignored,0
1763,C015,Unsubscribed,0
945,C015,Clicked,1
976,C013,Unsubscribed,0
1512,C005,Unsubscribed,0
431,C014,Clicked,1
859,C002,Ignored,0
1513,C012,Unsubscribed,0
230,C020,Ignored,0
370,C014,Ignored,0
178,C019,Unsubscribed,0
1881,C020,Clicked,1
1434,C015,Ignored,0
568,C020,Ignored,0
1614,C017,Clicked,1
1294,C014,Unsubscribed,0
1230,C018,Ignored,0
793,C005,Ignored,0
1764,C012,Ignored,0
900,C010,Clicked,1
1775,C008,Unsubscribed,0
975,C006,Ignored,0
1824,C015,Ignored,0
82,C012,Unsubscribed,0
846,C006,Ignored,0
762,C012,Ignored,0
1217,C015,Ignored,0
618,C012,Unsubscribed,0
1213,C009,Ignored,0
1300,C019,Ignored,0
1098,C002,Ignored,0
1034,C013,Ignored,0
1659,C013,Ignored,0
216,C008,Clicked,1
290,C013,Ignored,0
445,C004,Unsubscribed,0
923,C006,Ignored,0
552,C006,Ignored,0
193,C012,Ignored,0
1663,C012,Ignored,0
289,C017,Ignored,0
1988,C007,Unsubscribed,0
583,C015,Ignored,0
1673,C017,Ignored,0
1168,C010,Unsubscribed,0
1413,C020,Unsubscribed,0
1890,C006,Ignored,0
1916,C009,Ignored,1
1431,C015,Ignored,0
1835,C016,Ignored,0
1394,C008,Ignored,0
857,C016,Ignored,0
1465,C005,Ignored,0
1971,C018,Unsubscribed,0
781,C020,Clicked,1
896,C014,Unsubscribed,0
920,C002,Ignored,0
1675,C003,Ignored,0
1553,C007,Ignored,0
1701,C015,Unsubscribed,0
13,C017,Ignored,0
1726,C001,Ignored,0
987,C009,Ignored,0
340,C014,Ignored,0
865,C016,Ignored,0
1898,C013,Unsubscribed,0
1888,C006,Unsubscribed,0
1800,C001,Ignored,0
733,C003,Ignored,0
1128,C017,Clicked,1
339,C002,Ignored,0
1222,C019,Unsubscribed,0
300,C020,Ignored,0
1468,C008,Clicked,1
359,C015,Ignored,0
1392,C006,Ignored,0
169,C020,Ignored,0
1173,C002,Ignored,0
761,C015,Ignored,0
768,C020,Unsubscribed,0
982,C012,Ignored,0
42,C003,Unsubscribed,0
202,C010,Ignored,0
970,C014,Ignored,0
1268,C014,Ignored,0
1693,C003,Ignored,0
464,C001,Ignored,0
449,C020,Unsubscribed,0
913,C001,Unsubscribed,0
798,C002,Ignored,0
794,C019,Ignored,0
437,C010,Ignored,0
1917,C004,Ignored,0
1774,C004,Ignored,0
565,C009,Ignored,0
1621,C007,Ignored,1
1297,C016,Unsubscribed,0
1454,C018,Ignored,1
872,C003,Unsubscribed,0
949,C020,Ignored,0
1897,C010,Ignored,0
1128,C016,Ignored,0
192,C003,Clicked,1
1965,C011,Ignored,0
1713,C010,Ignored,0
1683,C016,Ignored,0
1404,C008,Clicked,1
1991,C009,Ignored,0
1105,C015,Ignored,0
705,C003,Ignored,0
549,C004,Ignored,0
1401,C013,Ignored,0
1862,C012,Ignored,0
154,C009,Unsubscribed,0
1666,C014,Ignored,0
571,C019,Ignored,0
1760,C007,Clicked,1
1785,C016,Unsubscribed,0
240,C020,Unsubscribed,0
374,C005,Unsubscribed,0
1925,C010,Unsubscribed,0
805,C018,Ignored,0
799,C011,Ignored,0
1228,C007,Ignored,0
611,C014,Unsubscribed,0
1374,C020,Unsubscribed,0
688,C018,Ignored,0
774,C011,Ignored,0
1807,C012,Unsubscribed,0
143,C018,Ignored,0
1213,C002,Ignored,0
272,C001,Ignored,0
1556,C010,Ignored,0
1869,C001,Ignored,0
1324,C006,Ignored,0
426,C007,Unsubscribed,0
46,C017,Ignored,0
95,C009,Clicked,1
1954,C007,Unsubscribed,0
64,C017,Ignored,0
413,C003,Ignored,0
1667,C016,Ignored,0
1033,C005,Ignored,0
459,C020,Ignored,0
1739,C018,Unsubscribed,0
1433,C001,Ignored,0
470,C004,Ignored,1
810,C011,Unsubscribed,0
506,C020,Ignored,0
1710,C009,Ignored,0
1097,C008,Unsubscribed,0
84,C008,Ignored,0
59,C005,Ignored,0
1045,C012,Ignored,0
1482,C001,Ignored,0
918,C015,Ignored,0
157,C018,Ignored,0
1855,C006,Unsubscribed,0
1353,C010,Ignored,0
1597,C014,Unsubscribed,0
576,C008,Ignored,0
837,C003,Ignored,0
680,C019,Ignored,0
203,C012,Clicked,1
1665,C012,Ignored,0
1781,C015,Clicked,1
1130,C007,Ignored,0
1857,C004,Ignored,0
1146,C009,Ignored,0
318,C016,Ignored,0
1206,C013,Ignored,0
1639,C004,Ignored,0
1340,C009,Clicked,1
1838,C018,Ignored,0
1797,C015,Ignored,0
1649,C015,Ignored,0
406,C006,Unsubscribed,0
986,C011,Unsubscribed,0
949,C008,Unsubscribed,0
1094,C017,Ignored,0
1184,C017,Ignored,0
1264,C018,Ignored,0
1547,C004,Ignored,0
1162,C015,Ignored,0
679,C002,Ignored,0
1271,C010,Ignored,0
1890,C003,Unsubscribed,0
1567,C008,Unsubscribed,0
1548,C020,Ignored,0
1267,C007,Unsubscribed,0
1644,C012,Clicked,1
1360,C019,Ignored,0
1446,C015,Ignored,0
835,C014,Ignored,0
194,C016,Clicked,1
308,C014,Clicked,1
1669,C003,Ignored,0
1931,C018,Ignored,0
506,C006,Unsubscribed,0
281,C017,Ignored,0
1827,C014,Unsubscribed,0
675,C014,Ignored,0
1814,C020,Ignored,0
933,C013,Ignored,0
1463,C003,Ignored,0
715,C013,Unsubscribed,0
608,C002,Ignored,0
483,C009,Ignored,0
117,C016,Clicked,1
968,C003,Ignored,0
192,C013,Ignored,0
788,C004,Ignored,0
618,C018,Ignored,0
516,C002,Ignored,0
1554,C020,Ignored,0
1988,C017,Clicked,1
532,C010,Unsubscribed,0
122,C001,Unsubscribed,0
649,C006,Ignored,0
592,C003,Unsubscribed,0
1178,C019,Unsubscribed,0
870,C007,Unsubscribed,0
1561,C013,Unsubscribed,0
1476,C013,Ignored,0
1193,C017,Ignored,0
59,C001,Unsubscribed,0
301,C014,Clicked,1
553,C003,Ignored,0
1574,C014,Ignored,0
1141,C001,Ignored,0
1811,C016,Clicked,1
1806,C010,Ignored,0
1151,C013,Clicked,1
1429,C004,Ignored,1
399,C009,Ignored,0
515,C014,Ignored,0
805,C004,Ignored,0
1909,C010,Unsubscribed,0
498,C008,Ignored,0
942,C003,Unsubscribed,0
528,C007,Unsubscribed,0
398,C010,Unsubscribed,0
1289,C003,Ignored,1
1775,C002,Unsubscribed,0
1287,C015,Unsubscribed,0
1422,C009,Unsubscribed,0
1670,C015,Ignored,0
1749,C017,Ignored,0
1551,C007,Ignored,0
436,C020,Ignored,0
840,C018,Ignored,0
1954,C015,Ignored,0
360,C018,Ignored,0
1153,C012,Ignored,0
864,C008,Ignored,0
634,C002,Ignored,0
1265,C002,Ignored,0
1651,C005,Ignored,0
1246,C004,Ignored,0
214,C006,Ignored,0
916,C013,Unsubscribed,0
592,C019,Unsubscribed,0
1799,C011,Clicked,1
135,C013,Ignored,0
1842,C008,Ignored,0
754,C007,Ignored,0
1327,C001,Unsubscribed,0
1806,C006,Clicked,1
1311,C007,Unsubscribed,0
1586,C016,Unsubscribed,0
1213,C015,Unsubscribed,0
1550,C002,Unsubscribed,0
389,C016,Ignored,0
1483,C017,Unsubscribed,0
744,C015,Ignored,0
1285,C003,Ignored,0
704,C004,Ignored,0
925,C012,Ignored,0
1739,C005,Ignored,0
773,C017,Clicked,1
1137,C006,Clicked,1
1910,C010,Ignored,0
864,C018,Clicked,1
1060,C010,Ignored,0
79,C006,Clicked,1
1299,C006,Ignored,0
1984,C020,Ignored,0
1302,C015,Ignored,1
674,C004,Ignored,0
312,C016,Ignored,0
1553,C008,Ignored,0
204,C007,Unsubscribed,0
985,C019,Clicked,1
1976,C017,Ignored,0
17,C013,Ignored,0
1738,C015,Ignored,0
476,C002,Clicked,1
1535,C010,Ignored,0
210,C018,Ignored,0
499,C011,Unsubscribed,0
1426,C013,Ignored,0
429,C019,Ignored,0
1102,C005,Clicked,1
1592,C003,Ignored,0
1104,C019,Ignored,0
1330,C013,Ignored,0
58,C005,Ignored,0
1554,C012,Clicked,1
1232,C014,Unsubscribed,0
1535,C006,Ignored,0
1159,C009,Unsubscribed,0
1868,C017,Ignored,1
994,C008,Ignored,1
522,C013,Ignored,0
581,C005,Ignored,0
1877,C017,Unsubscribed,0
899,C003,Ignored,0
1107,C006,Ignored,0
621,C014,Ignored,1
1068,C015,Ignored,0
1507,C014,Ignored,0
966,C011,Ignored,0
910,C011,Ignored,0
1668,C009,Ignored,0
493,C006,Unsubscribed,0
499,C015,Ignored,0
1042,C012,Unsubscribed,0
605,C006,Ignored,0
948,C001,Ignored,0
294,C016,Ignored,0
2000,C020,Ignored,0
1172,C015,Unsubscribed,0
1496,C002,Ignored,0
172,C017,Ignored,0
1587,C003,Ignored,0
531,C003,Ignored,0
1144,C005,Ignored,0
1860,C017,Unsubscribed,0
66,C020,Ignored,0
141,C006,Ignored,0
446,C001,Ignored,0
1530,C007,Ignored,0
189,C015,Ignored,0
158,C007,Ignored,0
670,C020,Ignored,0
1971,C011,Ignored,0
246,C014,Clicked,1
856,C013,Unsubscribed,0
944,C020,Ignored,0
748,C009,Ignored,1
1057,C009,Ignored,0
1385,C016,Ignored,0
1777,C012,Ignored,0
330,C010,Ignored,0
512,C006,Ignored,0
850,C018,Ignored,0
1811,C002,Ignored,0
1095,C020,Unsubscribed,0
1337,C009,Ignored,0
1939,C019,Ignored,1
1752,C006,Ignored,0
79,C002,Unsubscribed,0
169,C015,Ignored,0
810,C017,Ignored,0
983,C016,Ignored,0
180,C008,Ignored,0
1652,C010,Clicked,1
260,C010,Unsubscribed,0
1510,C018,Ignored,0
1796,C010,Ignored,0
1029,C009,Ignored,0
620,C001,Ignored,0
855,C004,Ignored,1
360,C003,Ignored,0
117,C010,Ignored,0
357,C012,Clicked,1
957,C018,Ignored,0
1867,C020,Ignored,0
439,C006,Clicked,1
1355,C002,Unsubscribed,0
1549,C010,Unsubscribed,0
1678,C002,Unsubscribed,0
1212,C009,Ignored,0
1992,C010,Ignored,0
1535,C008,Ignored,0
1490,C017,Ignored,0
1139,C017,Ignored,0
1964,C004,Ignored,0
1260,C018,Unsubscribed,0
1362,C012,Ignored,0
522,C017,Ignored,0
199,C009,Ignored,0
1788,C019,Unsubscribed,0
1074,C014,Ignored,0
1964,C014,Unsubscribed,0
1166,C017,Unsubscribed,0
1807,C002,Ignored,0
1552,C008,Ignored,0
1538,C005,Unsubscribed,0
670,C007,Unsubscribed,0
1054,C016,Ignored,0
1106,C016,Ignored,0
31,C017,Clicked,1
1772,C007,Unsubscribed,0
1008,C020,Ignored,0
333,C008,Ignored,0
660,C008,Unsubscribed,0
177,C011,Ignored,0
370,C015,Clicked,1
547,C018,Ignored,0
535,C006,Ignored,0
1130,C012,Ignored,0
97,C015,Unsubscribed,0
230,C006,Ignored,0
371,C020,Ignored,0
1124,C009,Ignored,0
1469,C008,Clicked,1
1492,C014,Ignored,0
55,C019,Clicked,1
1219,C019,Ignored,0
1544,C008,Ignored,0
424,C002,Ignored,0
315,C004,Ignored,0
1152,C006,Unsubscribed,0
32,C003,Unsubscribed,0
93,C003,Ignored,0
519,C019,Unsubscribed,0
1282,C011,Unsubscribed,0
853,C010,Unsubscribed,0
1926,C012,Ignored,0
1244,C014,Unsubscribed,0
752,C018,Ignored,0
1130,C009,Unsubscribed,0
1572,C015,Unsubscribed,0
416,C003,Ignored,0
557,C011,Ignored,0
1834,C010,Ignored,1
1333,C018,Ignored,0
366,C004,Ignored,0
1545,C013,Ignored,0
1483,C006,Ignored,0
599,C013,Ignored,0
1394,C020,Ignored,1
331,C005,Unsubscribed,0
689,C020,Unsubscribed,0
1731,C013,Ignored,0
11,C014,Ignored,0
818,C008,Ignored,0
1531,C016,Clicked,1
419,C013,Ignored,0
911,C019,Ignored,1
1259,C001,Clicked,1
1567,C018,Ignored,0
348,C019,Unsubscribed,0
958,C008,Ignored,0
412,C003,Ignored,0
153,C009,Ignored,0
1236,C008,Unsubscribed,0
92,C017,Ignored,0
331,C010,Unsubscribed,0
1491,C010,Ignored,0
1884,C006,Unsubscribed,0
1665,C017,Ignored,0
955,C016,Clicked,1
1733,C015,Ignored,0
554,C004,Ignored,0
1902,C004,Ignored,0
1252,C011,Ignored,0
194,C004,Ignored,0
530,C016,Clicked,1
845,C004,Ignored,0
1267,C001,Ignored,0
1413,C019,Ignored,0
1300,C002,Ignored,0
1474,C009,Unsubscribed,0
639,C013,Ignored,0
1611,C018,Ignored,0
1598,C016,Ignored,0
478,C016,Ignored,0
480,C010,Ignored,0
288,C009,Ignored,0
698,C011,Ignored,0
1714,C004,Unsubscribed,0
1702,C010,Ignored,0
695,C003,Ignored,0
540,C006,Ignored,0
330,C003,Unsubscribed,0
470,C009,Unsubscribed,0
1783,C003,Ignored,0
849,C018,Ignored,1
534,C008,Ignored,0
1963,C008,Ignored,0
467,C015,Ignored,0
977,C013,Ignored,0
420,C007,Ignored,1
1632,C019,Ignored,0
1146,C008,Ignored,0
762,C010,Ignored,1
1006,C017,Unsubscribed,0
891,C001,Ignored,0
308,C013,Unsubscribed,0
1956,C013,Unsubscribed,0
924,C016,Ignored,0
334,C009,Clicked,1
954,C010,Ignored,0
1444,C006,Ignored,0
1350,C005,Ignored,0
1022,C002,Unsubscribed,0
1673,C011,Unsubscribed,0
789,C009,Ignored,0
832,C006,Unsubscribed,0
1597,C009,Ignored,0
250,C009,Ignored,0
1119,C008,Ignored,0
1320,C012,Ignored,0
184,C008,Ignored,0
1284,C003,Ignored,0
1691,C019,Ignored,0
186,C002,Ignored,0
1433,C017,Clicked,1
1093,C016,Ignored,0
838,C004,Unsubscribed,0
1797,C018,Ignored,0
627,C014,Ignored,0
8,C013,Clicked,1
1289,C020,Ignored,1
783,C017,Unsubscribed,0
1508,C015,Ignored,0
1641,C005,Unsubscribed,0
775,C007,Ignored,0
1760,C018,Ignored,0
1864,C011,Ignored,0
1007,C018,Clicked,1
1395,C005,Clicked,1
1807,C013,Ignored,0
677,C018,Ignored,0
1107,C002,Clicked,1
1831,C020,Ignored,0
1670,C004,Clicked,1
211,C013,Ignored,0
1337,C016,Ignored,0
1628,C006,Ignored,0
1361,C008,Ignored,0
490,C016,Ignored,0
1427,C013,Ignored,0
639,C004,Clicked,1
191,C002,Ignored,0
671,C009,Ignored,0
843,C018,Unsubscribed,0
335,C017,Clicked,1
1643,C015,Ignored,0
1111,C009,Unsubscribed,0
579,C017,Unsubscribed,0
62,C002,Unsubscribed,0
387,C006,Ignored,0
153,C017,Ignored,1
619,C002,Ignored,0
1684,C018,Unsubscribed,0
698,C010,Unsubscribed,0
1373,C010,Ignored,0
1878,C006,Unsubscribed,0
178,C012,Unsubscribed,0
1913,C017,Ignored,0
847,C013,Ignored,0
487,C020,Ignored,0
1802,C016,Ignored,0
1685,C010,Clicked,1
1271,C002,Ignored,0
1278,C002,Ignored,0
500,C007,Ignored,0
541,C006,Clicked,1
1376,C001,Clicked,1
1536,C012,Ignored,0
1802,C013,Ignored,0
13,C012,Ignored,0
1583,C019,Clicked,1
151,C009,Ignored,0
1074,C010,Ignored,0
1239,C017,Ignored,0
991,C018,Ignored,0
644,C008,Ignored,0
372,C007,Ignored,0
1137,C009,Unsubscribed,0
252,C010,Clicked,1
1987,C012,Ignored,0
1365,C015,Ignored,0
53,C015,Ignored,0
1154,C004,Ignored,0
1860,C004,Clicked,1
193,C001,Unsubscribed,0
591,C012,Ignored,0
1081,C002,Ignored,0
198,C017,Ignored,0
1671,C007,Unsubscribed,0
147,C006,Ignored,0
1708,C012,Unsubscribed,0
1599,C019,Unsubscribed,0
1601,C001,Ignored,0
1319,C014,Ignored,0
723,C004,Ignored,0
1645,C005,Unsubscribed,0
1818,C001,Ignored,0
684,C001,Ignored,0
1036,C006,Ignored,0
1942,C005,Ignored,0
333,C002,Clicked,1
1244,C005,Ignored,0
1366,C019,Ignored,0
1822,C015,Ignored,0
172,C012,Ignored,0
1492,C005,Ignored,0
1772,C002,Ignored,0
1190,C004,Ignored,0
1723,C018,Ignored,0
1194,C010,Ignored,0
564,C013,Ignored,0
512,C012,Ignored,0
1855,C002,Ignored,0
1144,C014,Ignored,0
105,C010,Ignored,0
674,C008,Unsubscribed,0
807,C015,Ignored,0
1065,C013,Unsubscribed,0
889,C008,Ignored,1
876,C014,Unsubscribed,0
677,C001,Ignored,0
321,C013,Clicked,1
1910,C008,Clicked,1
335,C018,Ignored,0
1184,C009,Ignored,0
264,C013,Unsubscribed,0
865,C003,Ignored,1
1709,C010,Ignored,0
1501,C005,Ignored,0
352,C006,Ignored,0
1569,C008,Ignored,0
1797,C007,Ignored,0
1234,C018,Ignored,0
1520,C014,Ignored,0
1919,C015,Unsubscribed,0
1866,C010,Unsubscribed,0
1406,C012,Clicked,1
676,C007,Ignored,0
1505,C007,Ignored,1
919,C011,Unsubscribed,0
1960,C013,Unsubscribed,0
5,C015,Ignored,0
34,C018,Ignored,0
1816,C007,Ignored,0
1169,C006,Ignored,0
583,C008,Unsubscribed,0
465,C020,Ignored,0
348,C001,Unsubscribed,0
1766,C008,Ignored,0
125,C008,Ignored,0
1295,C003,Ignored,0
357,C005,Ignored,0
527,C003,Ignored,0
1778,C015,Ignored,0
498,C014,Clicked,1
1177,C015,Ignored,0
53,C017,Ignored,0
149,C018,Ignored,0
503,C002,Unsubscribed,0
870,C012,Ignored,0
1474,C016,Ignored,0
219,C004,Unsubscribed,0
1649,C002,Ignored,0
1824,C014,Clicked,1
1301,C011,Ignored,0
452,C013,Ignored,0
1452,C007,Unsubscribed,0
83,C010,Ignored,0
1986,C001,Unsubscribed,0
1242,C004,Unsubscribed,0
738,C018,Ignored,0
527,C002,Ignored,0
404,C003,Ignored,0
290,C014,Ignored,0
420,C008,Ignored,0
339,C016,Ignored,1
777,C019,Ignored,0
711,C018,Clicked,1
1694,C006,Ignored,0
1869,C014,Ignored,0
987,C003,Ignored,0
959,C016,Unsubscribed,0
1443,C001,Ignored,0
1231,C014,Unsubscribed,0
686,C019,Ignored,0
1720,C019,Ignored,0
